Region,Country of Nationality,Number of Arrivals - 2011,Number of Arrivals - 2012,Number of Arrivals - 2013,% Share - 2011,% Share - 2012,% Share - 2013,% Change - 2012,% Change - 2013
North Americas,Canada,259017,256021,255222,4.11,3.89,3.66,-1.2,-0.3
North Americas,U.S.A,980688,1039947,1085309,15.54,15.81,15.58,6,4.4
North Americas,Total,1239705,1295968,1340531,19.65,19.7,19.24,4.5,3.4
Central and South America,Argentina,9391,9831,10325,0.15,0.15,0.15,4.7,5
Central and South America,Brazil,17268,18440,18551,0.27,0.28,0.27,6.8,0.6
Central and South America,Mexico,10876,11254,13074,0.17,0.17,0.19,3.5,16.2
Central and South America,Others,23453,24174,26486,0.37,0.37,0.38,3.1,9.6
Central and South America,Total,60988,63699,68436,0.97,0.97,0.98,4.4,7.4
Western Europe,Austria,36483,38585,36465,0.58,0.59,0.52,5.8,-5.5
Western Europe,Belgium,40478,42604,38091,0.64,0.65,0.55,5.3,-10.6
Western Europe,Denmark,34683,33084,30842,0.55,0.5,0.44,-4.6,-6.8
Western Europe,Finland,23730,22416,21212,0.38,0.34,0.3,-5.5,-5.4
Western Europe,France,231423,240674,248379,3.67,3.66,3.56,4,3.2
Western Europe,Germany,240235,254783,252003,3.81,3.87,3.62,6.1,-1.1
Western Europe,Greece,7253,7493,7983,0.11,0.11,0.11,3.3,6.5
Western Europe,Ireland,22089,24546,27174,0.35,0.37,0.39,11.1,10.7
Western Europe,Italy,100889,98743,93951,1.6,1.5,1.35,-2.1,-4.9
Western Europe,Netherlands,75153,74800,69547,1.19,1.14,1,-0.5,-7
Western Europe,Norway,24578,23569,21462,0.39,0.36,0.31,-4.1,-8.9
Western Europe,Portugal,24061,24670,29612,0.38,0.38,0.42,2.5,20
Western Europe,Spain,71405,67044,62079,1.13,1.02,0.89,-6.1,-7.4
Western Europe,Sweden,48690,51058,48826,0.77,0.78,0.7,4.9,-4.4
Western Europe,Switzerland,46332,48388,48821,0.73,0.74,0.7,4.4,0.9
Western Europe,U.K.,798249,788170,809444,12.65,11.98,11.62,-1.3,2.7
Western Europe,Others,12964,12439,9975,0.21,0.19,0.14,-4,-19.8
Western Europe,Total,1838695,1853066,1855866,29.14,28.17,26.64,0.8,0.2
Eastern Europe,Czech Rep.,11256,11129,10121,0.18,0.17,0.15,-1.1,-9.1
Eastern Europe,Hungary,6900,6507,6614,0.11,0.1,0.09,-5.7,1.6
Eastern Europe,Kazakhstan,9810,11653,14680,0.16,0.18,0.21,18.8,26
Eastern Europe,Poland,28499,25030,23785,0.45,0.38,0.34,-12.2,-5
Eastern Europe,Russian Fed.,144312,177526,259120,2.29,2.7,3.72,23,46
Eastern Europe,Ukraine,23467,29033,31826,0.37,0.44,0.46,23.7,9.6
Eastern Europe,Others,50354,51808,58937,0.8,0.79,0.85,2.9,13.8
Eastern Europe,Total,274598,312686,405083,4.35,4.75,5.81,13.9,29.5
Africa,Egypt,8791,10571,15062,0.14,0.16,0.22,20.2,42.5
Africa,Kenya,30045,34037,40484,0.48,0.52,0.58,13.3,18.9
Africa,Mauritius,22091,25013,27418,0.35,0.38,0.39,13.2,9.6
Africa,Nigeria,33537,36762,34522,0.53,0.56,0.5,9.6,-6.1
Africa,South Africa,58430,50161,58023,0.93,0.76,0.83,-14.2,15.7
Africa,Sudan,8414,9626,8778,0.13,0.15,0.13,14.4,-8.8
Africa,Tanzania,19470,21862,23345,0.31,0.33,0.34,12.3,6.8
Africa,Others,51608,73396,67639,0.82,1.12,0.97,42.2,-7.8
Africa,Total,232386,261428,275271,3.68,3.97,3.95,12.5,5.3
West Asia,Bahrain,9587,10045,10531,0.15,0.15,0.15,4.8,4.8
West Asia,Iraq,30808,38826,41218,0.49,0.59,0.59,26,6.2
West Asia,Israel,48089,47649,48737,0.76,0.72,0.7,-0.9,2.3
West Asia,Oman,40577,49759,62252,0.64,0.76,0.89,22.6,25.1
West Asia,Saudi Arabia,26268,32127,42892,0.42,0.49,0.62,22.3,33.5
West Asia,Turkey,17359,22986,25022,0.28,0.35,0.36,32.4,8.9
West Asia,U.A.E.,66383,41664,51513,1.05,0.63,0.74,-37.2,23.6
West Asia,Yemen Arab Rep.,14955,18654,25019,0.24,0.28,0.36,24.7,34.1
West Asia,Others,24747,29286,35929,0.39,0.45,0.52,18.3,22.7
West Asia,Total,278773,290996,343113,4.42,4.42,4.92,4.4,17.9
South Asia,Afghanistan,89605,95231,111370,1.42,1.45,1.6,6.3,16.9
South Asia,Iran,43399,40973,30527,0.69,0.62,0.44,-5.6,-25.5
South Asia,Maldives,53999,50428,45270,0.86,0.77,0.65,-6.6,-10.2
South Asia,Nepal,119131,125375,113790,1.89,1.91,1.63,5.2,-9.2
South Asia,Pakistan,48640,59846,111794,0.77,0.91,1.6,23,86.8
South Asia,Bangladesh,463543,487397,524923,7.35,7.41,7.53,5.1,7.7
South Asia,Sri Lanka,305853,296983,262345,4.85,4.51,3.77,-2.9,-11.7
South Asia,Bhutan,15489,15266,15016,0.25,0.23,0.22,-1.4,-1.6
South Asia,Total,1139659,1171499,1215035,18.06,17.81,17.44,2.8,3.7
South East Asia,Indonesia,32530,29559,33747,0.52,0.45,0.48,-9.1,14.2
South East Asia,Malaysia,208196,195853,242649,3.3,2.98,3.48,-5.9,23.9
South East Asia,Myanmar,25043,30588,34916,0.4,0.47,0.5,22.1,14.1
South East Asia,Philippines,31151,33323,42224,0.49,0.51,0.61,7,26.7
South East Asia,Singapore,119022,131452,143025,1.89,2,2.05,10.4,8.8
South East Asia,Thailand,92404,105141,117136,1.46,1.6,1.68,13.8,11.4
South East Asia,Vietnam,9809,11332,12312,0.16,0.17,0.18,15.5,8.6
South East Asia,Others,3600,3666,4045,0.06,0.06,0.06,1.8,10.3
South East Asia,Total,521755,540914,630054,8.27,8.22,9.04,3.7,16.5
East Asia,China(Main),142218,168952,174712,2.25,2.57,2.51,18.8,3.4
East Asia,China(Taiwan),25916,31639,35491,0.41,0.48,0.51,22.1,12.2
East Asia,Japan,193525,220015,220283,3.07,3.34,3.16,13.7,0.1
East Asia,Rep.of Korea,108680,109469,112619,1.72,1.66,1.62,0.7,2.9
East Asia,Others,5612,5547,4200,0.09,0.08,0.06,-1.2,-24.3
East Asia,Total,475951,535622,547305,7.54,8.14,7.85,12.5,2.2
Australasia,Australia,192592,202105,218967,3.05,3.07,3.14,4.9,8.3
Australasia,New Zealand,36839,38917,40801,0.58,0.59,0.59,5.6,4.8
Australasia,Others,3734,3489,3806,0.06,0.05,0.05,-6.6,9.1
Australasia,Total,233165,244511,263574,3.7,3.72,3.78,4.9,7.8
Australasia,Not classified elsewhere,13547,7356,23333,0.21,0.11,0.33,-45.7,217.2
Australasia,Grand Total,6309222,6577745,6967601,100,100,100,4.3,5.9
